,n,mean,sd,median,trimmed,mad,min,max,range,skew,kurtosis,se
# of victimization experiences,493,0.613,0.805,0,0.478481013,0,0.000,3.000,3,1.159474675,0.556449242,0.036265253
PTS symptoms (log),600,3.506,0.372,3.433987204,3.482219554,0.428529111,2.303,4.575,2.272125886,0.456591803,-0.422348421,0.015195714
DERS,601,73.451,18.949,71,71.9043659,17.7912,36.000,146.000,110,0.743646526,0.341527637,0.772927967
SMQ,502,46.514,14.283,46,46.37064677,13.3434,9.000,86.000,77,0.08108336,-0.163741649,0.637466998
CSI,487,77.101,3.794,77,77.31713555,2.9652,62.000,86.000,24,-0.662979487,1.014898355,0.171902569
SA severity,501,6.293,15.921,0,2.336658354,0,0.000,117.000,117,4.212577062,21.0400896,0.711316758